SENG2011,17s2
SENG2011,18s1
SENG2011,18s2
SENG2021,17s2
SENG2021,18s1
SENG2021,18s2
SENG3011,17s2
SENG3011,18s1
SENG3011,18s2
SENG4904,17s2
SENG4904,18s1
SENG4904,18s2
SENG4905,17s2
SENG4905,18s1
SENG4905,18s2
SENG4906,17s2
SENG4906,18s1
SENG4906,18s2
SENG4907,17s2
SENG4907,18s1
SENG4907,18s2
SENG4920,17s2
SENG4920,18s1
SENG4920,18s2
COMP1000,17s2
COMP1000,18s1
COMP1000,18s2
COMP1400,17s2
COMP1400,18s1
COMP1400,18s2
COMP1511,17s2
COMP1511,18s1
COMP1511,18s2
COMP1521,17s2
COMP1521,18s1
COMP1521,18s2
COMP1531,17s2
COMP1531,18s1
COMP1531,18s2
COMP1911,17s2
COMP1911,18s1
COMP1911,18s2
COMP1921,17s2
COMP1921,18s1
COMP1921,18s2
COMP1927,17s2
COMP1927,18s1
COMP1927,18s2
COMP2041,17s2
COMP2041,18s1
COMP2041,18s2
COMP2111,17s2
COMP2111,18s1
COMP2111,18s2
COMP2121,17s2
COMP2121,18s1
COMP2121,18s2
COMP2511,17s2
COMP2511,18s1
COMP2511,18s2
COMP2521,17s2
COMP2521,18s1
COMP2521,18s2
COMP2911,17s2
COMP2911,18s1
COMP2911,18s2
COMP3121,17s2
COMP3121,18s1
COMP3121,18s2
COMP3131,17s2
COMP3131,18s1
COMP3131,18s2
COMP3141,17s2
COMP3141,18s1
COMP3141,18s2
COMP3151,17s2
COMP3151,18s1
COMP3151,18s2
COMP3153,17s2
COMP3153,18s1
COMP3153,18s2
COMP3161,17s2
COMP3161,18s1
COMP3161,18s2
COMP3211,17s2
COMP3211,18s1
COMP3211,18s2
COMP3222,17s2
COMP3222,18s1
COMP3222,18s2
COMP3231,17s2
COMP3231,18s1
COMP3231,18s2
COMP3311,17s2
COMP3311,18s1
COMP3311,18s2
COMP3331,17s2
COMP3331,18s1
COMP3331,18s2
COMP3411,17s2
COMP3411,18s1
COMP3411,18s2
COMP3421,17s2
COMP3421,18s1
COMP3421,18s2
COMP3431,17s2
COMP3431,18s1
COMP3431,18s2
COMP3511,17s2
COMP3511,18s1
COMP3511,18s2
COMP3601,17s2
COMP3601,18s1
COMP3601,18s2
COMP3821,17s2
COMP3821,18s1
COMP3821,18s2
COMP3891,17s2
COMP3891,18s1
COMP3891,18s2
COMP3900,17s2
COMP3900,18s1
COMP3900,18s2
COMP3901,17s2
COMP3901,18s1
COMP3901,18s2
COMP3902,17s2
COMP3902,18s1
COMP3902,18s2
COMP4001,17s2
COMP4001,18s1
COMP4001,18s2
COMP4121,17s2
COMP4121,18s1
COMP4121,18s2
COMP4128,17s2
COMP4128,18s1
COMP4128,18s2
COMP4141,17s2
COMP4141,18s1
COMP4141,18s2
COMP4161,17s2
COMP4161,18s1
COMP4161,18s2
COMP4181,17s2
COMP4181,18s1
COMP4181,18s2
COMP4336,17s2
COMP4336,18s1
COMP4336,18s2
COMP4337,17s2
COMP4337,18s1
COMP4337,18s2
COMP4418,17s2
COMP4418,18s1
COMP4418,18s2
COMP4601,17s2
COMP4601,18s1
COMP4601,18s2
COMP4904,17s2
COMP4904,18s1
COMP4904,18s2
COMP4905,17s2
COMP4905,18s1
COMP4905,18s2
COMP4906,17s2
COMP4906,18s1
COMP4906,18s2
COMP4920,17s2
COMP4920,18s1
COMP4920,18s2
COMP4930,17s2
COMP4930,18s1
COMP4930,18s2
COMP4931,17s2
COMP4931,18s1
COMP4931,18s2
COMP4941,17s2
COMP4941,18s1
COMP4941,18s2
COMP6441,17s2
COMP6441,18s1
COMP6441,18s2
COMP6443,17s2
COMP6443,18s1
COMP6443,18s2
COMP6445,17s2
COMP6445,18s1
COMP6445,18s2
COMP6447,17s2
COMP6447,18s1
COMP6447,18s2
COMP6448,17s2
COMP6448,18s1
COMP6448,18s2
COMP6449,17s2
COMP6449,18s1
COMP6449,18s2
COMP6714,17s2
COMP6714,18s1
COMP6714,18s2
COMP6733,17s2
COMP6733,18s1
COMP6733,18s2
COMP6741,17s2
COMP6741,18s1
COMP6741,18s2
COMP6752,17s2
COMP6752,18s1
COMP6752,18s2
COMP6771,17s2
COMP6771,18s1
COMP6771,18s2
COMP6841,17s2
COMP6841,18s1
COMP6841,18s2
COMP6843,17s2
COMP6843,18s1
COMP6843,18s2
COMP6845,17s2
COMP6845,18s1
COMP6845,18s2
COMP9242,17s2
COMP9242,18s1
COMP9242,18s2
COMP9243,17s2
COMP9243,18s1
COMP9243,18s2
COMP9315,17s2
COMP9315,18s1
COMP9315,18s2
COMP9318,17s2
COMP9318,18s1
COMP9318,18s2
COMP9319,17s2
COMP9319,18s1
COMP9319,18s2
COMP9321,17s2
COMP9321,18s1
COMP9321,18s2
COMP9322,17s2
COMP9322,18s1
COMP9322,18s2
COMP9323,17s2
COMP9323,18s1
COMP9323,18s2
COMP9332,17s2
COMP9332,18s1
COMP9332,18s2
COMP9333,17s2
COMP9333,18s1
COMP9333,18s2
COMP9334,17s2
COMP9334,18s1
COMP9334,18s2
COMP9417,17s2
COMP9417,18s1
COMP9417,18s2
COMP9444,17s2
COMP9444,18s1
COMP9444,18s2
COMP9447,17s2
COMP9447,18s1
COMP9447,18s2
COMP9517,17s2
COMP9517,18s1
COMP9517,18s2
COMP9844,17s2
COMP9844,18s1
COMP9844,18s2
